INSERT INTO CCS_ACTIONS VALUES('LOGIN', 'do login');
INSERT INTO CCS_ACTIONS VALUES('GEN_ACTIVATION_CODE', 'Activation code generation');
INSERT INTO CCS_ACTIONS VALUES('CREATE_USER', 'User creation');
INSERT INTO CCS_ACTIONS VALUES('DELETE_USER', 'Logical delete of user');
INSERT INTO CCS_ACTIONS VALUES('VIEW_USER', 'View user information');
INSERT INTO CCS_ACTIONS VALUES('OPERATOR_LIST', 'List all the operators');
INSERT INTO CCS_ACTIONS VALUES('BLOCK_CLIENT_OPTIONS', 'Block or delete the client');
INSERT INTO CCS_ACTIONS VALUES('REGISTER_BIN', 'Register a card BIN');

INSERT INTO CCS_ROLES VALUES('ADMIN', 'administration, kind of super user');
INSERT INTO CCS_ROLES VALUES('OPERATOR', 'limited operation over users');

INSERT INTO CCS_ROLE_ACTIONS VALUES('ADMIN', 'LOGIN');
INSERT INTO CCS_ROLE_ACTIONS VALUES('OPERATOR', 'LOGIN');
INSERT INTO CCS_ROLE_ACTIONS VALUES('ADMIN', 'CREATE_USER');
INSERT INTO CCS_ROLE_ACTIONS VALUES('ADMIN', 'DELETE_USER');
INSERT INTO CCS_ROLE_ACTIONS VALUES('ADMIN', 'VIEW_USER');
INSERT INTO CCS_ROLE_ACTIONS VALUES('OPERATOR', 'GEN_ACTIVATION_CODE');
INSERT INTO CCS_ROLE_ACTIONS VALUES('ADMIN', 'OPERATOR_LIST');
INSERT INTO CCS_ROLE_ACTIONS VALUES('OPERATOR', 'BLOCK_CLIENT_OPTIONS');
INSERT INTO CCS_ROLE_ACTIONS VALUES('ADMIN', 'REGISTER_BIN');

INSERT INTO CCS_USERS VALUES('admin1', 'administrador', 'lastP', 'lastM', 'admin@anzen.mx', 't', 3, 'f');
INSERT INTO CCS_USERS VALUES('operator1', 'operator', 'lastP', 'lastM', 'operator@anzen.mx', 't', 3, 'f');

INSERT INTO CCS_CREDENTIALS VALUES('admin1', '3bjWa0psimXIJy8FxbCmIQNXjlnM619EhvQeYMIGA1c=', '/RpOY36giH6h4y61+jxmzXsuT1kJtMlsN1PTPEQLnEc=');
INSERT INTO CCS_CREDENTIALS VALUES('operator1', 'T0WNkxo6e9xm8Wy+xuol13Rxiv6DWfrNohFyIpfxV3M=', '+fuBJfaguYxLWO6FqCcFL5K88P+E1KF1dI6y+qyOTt0=');

INSERT INTO CCS_USER_ROLES VALUES('admin1', 'ADMIN');
INSERT INTO CCS_USER_ROLES VALUES('operator1', 'OPERATOR');

INSERT INTO CAT_BINES VALUES('321321', 8);
INSERT INTO CAT_BINES VALUES('111111', 8);
INSERT INTO CAT_BINES VALUES('222222', 8);
